criteria,lower,upper
iterations,113.58801166373624,145.0283631093255
function_competitions,114.64149076288385,146.0678999545574
gradient_competitions,91.86597938419794,182.28120916625912
