ratio,lower,upper
iterations,6.895202969685165,8.803745970660895
function_competitions,6.8461311507258324,8.722845396945566
gradient_competitions,6.8461311507258324,8.722845396945566
