criteria,lower,upper
iterations,999.9999999999998,999.9999999999998
function_competitions,999.9999999999998,999.9999999999998
gradient_competitions,999.9999999999998,999.9999999999998
