ratio,lower,upper
iterations,1.2440516450252177,1.9511394730374376
function_competitions,1.2442378078094927,1.949994061930378
gradient_competitions,1.2442378078094927,1.949994061930378
