criteria,lower,upper
iterations,259.60151372154195,365.72660160811216
function_competitions,260.9293205743796,367.3944307661417
gradient_competitions,82.2744314871042,1165.1734016253413
