criteria,lower,upper
iterations,379.9976988351743,606.4702884944486
function_competitions,381.89760023918404,609.0391426159473
gradient_competitions,381.89760023918404,609.0391426159473
