solver,itr,total_function_evaluation,total_gradient_evaluation
CAT,308.1285111535465,309.6190872711505,309.6190872711505
NewtonTrustRegion,480.0596984123899,482.27646326226665,482.27646326226665
